{"parent": "item/generated", "textures": {"layer0": "item/netherite_axe"}, "overrides": [{"predicate": {"custom_model_data": 3}, "model": "item/netherite_axe"}]}
"display": {
  "thirdperson_righthand": {
    "rotation": [0, -90, 55],
    "translation": [0, 4, 0],
    "scale": [0.85, 0.85, 0.85]
  },
  "thirdperson_lefthand": {
    "rotation": [0, 90, -55],
    "translation": [0, 4, 0],
    "scale": [0.85, 0.85, 0.85]
  },
  "firstperson_righthand": {
    "rotation": [0, -90, 25],
    "translation": [1.13, 3.2, 1.13],
    "scale": [0.68, 0.]()
