{"parent":"item/handheld","textures":{"layer0":"item/netherite_sword"},"overrides":[{"predicate":{"custom_model_data":1},"model":"item/netherite_sword/1"},{"predicate":{"custom_model_data":2},"model":"item/netherite_sword/2"},{"predicate":{"custom_model_data":5},"model":"item/netherite_sword/5"}]}
"display": {
  "thirdperson_righthand": {
    "rotation": [0, -90, 55],
    "translation": [0, 4, 0],
    "scale": [0.85, 0.85, 0.85]
  },
  "thirdperson_lefthand": {
    "rotation": [0, 90, -55],
    "translation": [0, 4, 0],
    "scale": [0.85, 0.85, 0.85]
  },
  "firstperson_righthand": {
    "rotation": [0, -90, 25],
    "translation": [1.13, 3.2, 1.13],
    "scale": [0.68, 0.]()
